"","Strain","Cu_level","Macronutrient","Quota_mol_cell","Quota_fmol_cell"
"1","Dokdonia sp",0.6,"Carbon",NA,NA
"2","Dokdonia sp",0.6,"Carbon",NA,NA
"3","Dokdonia sp",0.6,"Carbon",7.96e-15,7.96
"4","Dokdonia sp",0.6,"Carbon",1.08e-14,10.8
"5","Dokdonia sp",0.6,"Carbon",9.3e-15,9.3
"6","Dokdonia sp",0.6,"Carbon",8.94e-15,8.94
"7","Dokdonia sp",2,"Carbon",1.51e-14,15.1
"8","Dokdonia sp",2,"Carbon",1.37e-14,13.7
"9","Dokdonia sp",2,"Carbon",1.61e-14,16.1
"10","Dokdonia sp",2,"Carbon",1.03e-14,10.3
"11","Dokdonia sp",2,"Carbon",1.23e-14,12.3
"12","Dokdonia sp",2,"Carbon",1.2e-14,12
"13","Dokdonia sp",2,"Carbon",1.14e-14,11.4
"14","Dokdonia sp",2,"Carbon",6.36e-15,6.36
"15","Dokdonia sp",2,"Carbon",5.97e-15,5.97
"16","Dokdonia sp",2,"Carbon",5.76e-15,5.76
"17","Dokdonia sp",10,"Carbon",6.04e-15,6.04
"18","Dokdonia sp",10,"Carbon",7.73e-15,7.73
"19","Dokdonia sp",10,"Carbon",8.91e-15,8.91
"20","Dokdonia sp",10,"Carbon",7.14e-15,7.14
"21","Dokdonia sp",10,"Carbon",8.2e-15,8.2
"22","Dokdonia sp",10,"Carbon",8.56e-15,8.56
"23","Dokdonia sp",10,"Carbon",6.82e-15,6.82
"24","Dokdonia sp",10,"Carbon",6.61e-15,6.61
"25","Dokdonia sp",10,"Carbon",8.23e-15,8.23
"26","Dokdonia sp",10,"Carbon",8.21e-15,8.21
"27","Dokdonia sp",10,"Carbon",9.35e-15,9.35
"28","Dokdonia sp",10,"Carbon",6.28e-15,6.28
"29","Dokdonia sp",10,"Carbon",7.04e-15,7.04
"30","Dokdonia sp",10,"Carbon",6.48e-15,6.48
"31","Dokdonia sp",10,"Carbon",6.87e-15,6.87
"32","Dokdonia sp",25,"Carbon",1.12e-14,11.2
"33","Dokdonia sp",25,"Carbon",9.32e-15,9.32
"34","Dokdonia sp",25,"Carbon",6.86e-15,6.86
"35","Dokdonia sp",25,"Carbon",7.17e-15,7.17
"36","Dokdonia sp",25,"Carbon",6.69e-15,6.69
"37","Dokdonia sp",25,"Carbon",7.45e-15,7.45
"38","Dokdonia sp",25,"Carbon",6.3e-15,6.3
"39","Dokdonia sp",25,"Carbon",8.59e-15,8.59
"40","Dokdonia sp",25,"Carbon",1.11e-14,11.1
"41","Dokdonia sp",50,"Carbon",1.18e-14,11.8
"42","Dokdonia sp",50,"Carbon",8.68e-15,8.68
"43","Dokdonia sp",50,"Carbon",7.36e-15,7.36
"44","Dokdonia sp",50,"Carbon",8.19e-15,8.19
"45","Dokdonia sp",50,"Carbon",7.6e-15,7.6
"46","Dokdonia sp",50,"Carbon",7.21e-15,7.21
"47","Dokdonia sp",50,"Carbon",7.69e-15,7.69
"48","Dokdonia sp",50,"Carbon",6.53e-15,6.53
"49","Dokdonia sp",50,"Carbon",7.22e-15,7.22
"50","R.pomeroyi",0.6,"Carbon",2.63e-14,26.3
"51","R.pomeroyi",0.6,"Carbon",1.49e-14,14.9
"52","R.pomeroyi",0.6,"Carbon",2.2e-14,22
"53","R.pomeroyi",0.6,"Carbon",1.68e-14,16.8
"54","R.pomeroyi",0.6,"Carbon",1.8e-14,18
"55","R.pomeroyi",0.6,"Carbon",1.46e-14,14.6
"56","R.pomeroyi",0.6,"Carbon",1.69e-14,16.9
"57","R.pomeroyi",2,"Carbon",1.74e-14,17.4
"58","R.pomeroyi",2,"Carbon",1.5e-14,15
"59","R.pomeroyi",2,"Carbon",1.47e-14,14.7
"60","R.pomeroyi",2,"Carbon",1.42e-14,14.2
"61","R.pomeroyi",10,"Carbon",1.48e-14,14.8
"62","R.pomeroyi",10,"Carbon",2.37e-14,23.7
"63","R.pomeroyi",10,"Carbon",1.6e-14,16
"64","R.pomeroyi",10,"Carbon",1.52e-14,15.2
"65","R.pomeroyi",10,"Carbon",1.43e-14,14.3
"66","R.pomeroyi",10,"Carbon",2.05e-14,20.5
"67","R.pomeroyi",10,"Carbon",2.04e-14,20.4
"68","R.pomeroyi",25,"Carbon",1.38e-14,13.8
"69","R.pomeroyi",25,"Carbon",1.39e-14,13.9
"70","R.pomeroyi",25,"Carbon",1.46e-14,14.6
"71","R.pomeroyi",50,"Carbon",1.46e-14,14.6
"72","R.pomeroyi",50,"Carbon",1.57e-14,15.7
"73","R.pomeroyi",50,"Carbon",1.53e-14,15.3
"74","R.pomeroyi",50,"Carbon",1.49e-14,14.9
"75","R.pomeroyi",50,"Carbon",1.55e-14,15.5
"76","R.pomeroyi",50,"Carbon",1.46e-14,14.6
"77","Pseudoalteromonas sp (26)",0.6,"Carbon",3.12e-14,31.2
"78","Pseudoalteromonas sp (26)",0.6,"Carbon",3.28e-14,32.8
"79","Pseudoalteromonas sp (26)",0.6,"Carbon",2.07e-14,20.7
"80","Pseudoalteromonas sp (26)",0.6,"Carbon",2.35e-14,23.5
"81","Pseudoalteromonas sp (26)",0.6,"Carbon",2.64e-14,26.4
"82","Pseudoalteromonas sp (26)",0.6,"Carbon",2.29e-14,22.9
"83","Pseudoalteromonas sp (26)",2,"Carbon",2.48e-14,24.8
"84","Pseudoalteromonas sp (26)",2,"Carbon",2.87e-14,28.7
"85","Pseudoalteromonas sp (26)",2,"Carbon",3.19e-14,31.9
"86","Pseudoalteromonas sp (26)",10,"Carbon",2.23e-14,22.3
"87","Pseudoalteromonas sp (26)",10,"Carbon",2.1e-14,21
"88","Pseudoalteromonas sp (26)",10,"Carbon",2.04e-14,20.4
"89","Pseudoalteromonas sp (26)",10,"Carbon",5.88e-14,58.8
"90","Pseudoalteromonas sp (26)",10,"Carbon",2.8e-14,28
"91","Pseudoalteromonas sp (26)",10,"Carbon",3.07e-14,30.7
"92","Pseudoalteromonas sp (26)",25,"Carbon",2.27e-14,22.7
"93","Pseudoalteromonas sp (26)",25,"Carbon",2.23e-14,22.3
"94","Pseudoalteromonas sp (26)",25,"Carbon",2.12e-14,21.2
"95","Pseudoalteromonas sp (26)",50,"Carbon",2.04e-14,20.4
"96","Pseudoalteromonas sp (26)",50,"Carbon",2.96e-14,29.6
"97","Pseudoalteromonas sp (26)",50,"Carbon",2.26e-14,22.6
"98","Pseudoalteromonas sp (26)",50,"Carbon",NA,NA
"99","Pseudoalteromonas sp (26)",50,"Carbon",2.06e-14,20.6
"100","Pseudoalteromonas sp (26)",50,"Carbon",3.93e-14,39.3
"101","Pseudoalteromonas sp (P2)",0.6,"Carbon",2.37e-14,23.7
"102","Pseudoalteromonas sp (P2)",0.6,"Carbon",2.56e-14,25.6
"103","Pseudoalteromonas sp (P2)",0.6,"Carbon",7.03e-15,7.03
"104","Pseudoalteromonas sp (P2)",10,"Carbon",2.9e-14,29
"105","Pseudoalteromonas sp (P2)",10,"Carbon",2.14e-14,21.4
"106","Pseudoalteromonas sp (P2)",10,"Carbon",2.37e-14,23.7
"107","Pseudoalteromonas sp (P2)",25,"Carbon",2.25e-14,22.5
"108","Pseudoalteromonas sp (P2)",25,"Carbon",2.21e-14,22.1
"109","Pseudoalteromonas sp (P2)",25,"Carbon",2.02e-14,20.2
"110","Dokdonia sp",0.6,"Nitrogen",NA,NA
"111","Dokdonia sp",0.6,"Nitrogen",NA,NA
"112","Dokdonia sp",0.6,"Nitrogen",1.64e-15,1.64
"113","Dokdonia sp",0.6,"Nitrogen",2.53e-15,2.53
"114","Dokdonia sp",0.6,"Nitrogen",2e-15,2
"115","Dokdonia sp",0.6,"Nitrogen",1.6e-15,1.6
"116","Dokdonia sp",2,"Nitrogen",3.45e-15,3.45
"117","Dokdonia sp",2,"Nitrogen",3.34e-15,3.34
"118","Dokdonia sp",2,"Nitrogen",3.46e-15,3.46
"119","Dokdonia sp",2,"Nitrogen",2.29e-15,2.29
"120","Dokdonia sp",2,"Nitrogen",2.92e-15,2.92
"121","Dokdonia sp",2,"Nitrogen",2.76e-15,2.76
"122","Dokdonia sp",2,"Nitrogen",2.69e-15,2.69
"123","Dokdonia sp",2,"Nitrogen",1.72e-15,1.72
"124","Dokdonia sp",2,"Nitrogen",1.09e-15,1.09
"125","Dokdonia sp",2,"Nitrogen",1.24e-15,1.24
"126","Dokdonia sp",10,"Nitrogen",1.3e-15,1.3
"127","Dokdonia sp",10,"Nitrogen",1.62e-15,1.62
"128","Dokdonia sp",10,"Nitrogen",2.09e-15,2.09
"129","Dokdonia sp",10,"Nitrogen",1.63e-15,1.63
"130","Dokdonia sp",10,"Nitrogen",2.63e-15,2.63
"131","Dokdonia sp",10,"Nitrogen",2.08e-15,2.08
"132","Dokdonia sp",10,"Nitrogen",1.48e-15,1.48
"133","Dokdonia sp",10,"Nitrogen",1.41e-15,1.41
"134","Dokdonia sp",10,"Nitrogen",2e-15,2
"135","Dokdonia sp",10,"Nitrogen",1.72e-15,1.72
"136","Dokdonia sp",10,"Nitrogen",2.11e-15,2.11
"137","Dokdonia sp",10,"Nitrogen",1.47e-15,1.47
"138","Dokdonia sp",10,"Nitrogen",1.64e-15,1.64
"139","Dokdonia sp",10,"Nitrogen",1.5e-15,1.5
"140","Dokdonia sp",10,"Nitrogen",1.57e-15,1.57
"141","Dokdonia sp",25,"Nitrogen",2.4e-15,2.4
"142","Dokdonia sp",25,"Nitrogen",2.05e-15,2.05
"143","Dokdonia sp",25,"Nitrogen",1.47e-15,1.47
"144","Dokdonia sp",25,"Nitrogen",1.68e-15,1.68
"145","Dokdonia sp",25,"Nitrogen",1.25e-15,1.25
"146","Dokdonia sp",25,"Nitrogen",1.74e-15,1.74
"147","Dokdonia sp",25,"Nitrogen",1.55e-15,1.55
"148","Dokdonia sp",25,"Nitrogen",2.01e-15,2.01
"149","Dokdonia sp",25,"Nitrogen",2.45e-15,2.45
"150","Dokdonia sp",50,"Nitrogen",2.59e-15,2.59
"151","Dokdonia sp",50,"Nitrogen",1.87e-15,1.87
"152","Dokdonia sp",50,"Nitrogen",1.63e-15,1.63
"153","Dokdonia sp",50,"Nitrogen",1.76e-15,1.76
"154","Dokdonia sp",50,"Nitrogen",1.75e-15,1.75
"155","Dokdonia sp",50,"Nitrogen",1.63e-15,1.63
"156","Dokdonia sp",50,"Nitrogen",1.8e-15,1.8
"157","Dokdonia sp",50,"Nitrogen",1.53e-15,1.53
"158","Dokdonia sp",50,"Nitrogen",1.54e-15,1.54
"159","R.pomeroyi",0.6,"Nitrogen",6.42e-15,6.42
"160","R.pomeroyi",0.6,"Nitrogen",3.35e-15,3.35
"161","R.pomeroyi",0.6,"Nitrogen",5.43e-15,5.43
"162","R.pomeroyi",0.6,"Nitrogen",5.13e-15,5.13
"163","R.pomeroyi",0.6,"Nitrogen",4.51e-15,4.51
"164","R.pomeroyi",0.6,"Nitrogen",3.61e-15,3.61
"165","R.pomeroyi",0.6,"Nitrogen",4.28e-15,4.28
"166","R.pomeroyi",2,"Nitrogen",4.05e-15,4.05
"167","R.pomeroyi",2,"Nitrogen",3.7e-15,3.7
"168","R.pomeroyi",2,"Nitrogen",3.49e-15,3.49
"169","R.pomeroyi",2,"Nitrogen",3.34e-15,3.34
"170","R.pomeroyi",10,"Nitrogen",3.57e-15,3.57
"171","R.pomeroyi",10,"Nitrogen",5.74e-15,5.74
"172","R.pomeroyi",10,"Nitrogen",3.98e-15,3.98
"173","R.pomeroyi",10,"Nitrogen",3.67e-15,3.67
"174","R.pomeroyi",10,"Nitrogen",3.52e-15,3.52
"175","R.pomeroyi",10,"Nitrogen",4.91e-15,4.91
"176","R.pomeroyi",10,"Nitrogen",5.01e-15,5.01
"177","R.pomeroyi",25,"Nitrogen",3.38e-15,3.38
"178","R.pomeroyi",25,"Nitrogen",3.51e-15,3.51
"179","R.pomeroyi",25,"Nitrogen",3.21e-15,3.21
"180","R.pomeroyi",50,"Nitrogen",2.87e-15,2.87
"181","R.pomeroyi",50,"Nitrogen",4.08e-15,4.08
"182","R.pomeroyi",50,"Nitrogen",3.69e-15,3.69
"183","R.pomeroyi",50,"Nitrogen",3.55e-15,3.55
"184","R.pomeroyi",50,"Nitrogen",3.97e-15,3.97
"185","R.pomeroyi",50,"Nitrogen",3.66e-15,3.66
"186","Pseudoalteromonas sp (26)",0.6,"Nitrogen",7.03e-15,7.03
"187","Pseudoalteromonas sp (26)",0.6,"Nitrogen",7.44e-15,7.44
"188","Pseudoalteromonas sp (26)",0.6,"Nitrogen",6.94e-15,6.94
"189","Pseudoalteromonas sp (26)",0.6,"Nitrogen",6.53e-15,6.53
"190","Pseudoalteromonas sp (26)",0.6,"Nitrogen",6.41e-15,6.41
"191","Pseudoalteromonas sp (26)",0.6,"Nitrogen",5.9e-15,5.9
"192","Pseudoalteromonas sp (26)",2,"Nitrogen",4.46e-15,4.46
"193","Pseudoalteromonas sp (26)",2,"Nitrogen",7.21e-15,7.21
"194","Pseudoalteromonas sp (26)",2,"Nitrogen",7.78e-15,7.78
"195","Pseudoalteromonas sp (26)",10,"Nitrogen",5.09e-15,5.09
"196","Pseudoalteromonas sp (26)",10,"Nitrogen",5.02e-15,5.02
"197","Pseudoalteromonas sp (26)",10,"Nitrogen",4.55e-15,4.55
"198","Pseudoalteromonas sp (26)",10,"Nitrogen",1.31e-14,13.1
"199","Pseudoalteromonas sp (26)",10,"Nitrogen",7.58e-15,7.58
"200","Pseudoalteromonas sp (26)",10,"Nitrogen",7.48e-15,7.48
"201","Pseudoalteromonas sp (26)",25,"Nitrogen",5.41e-15,5.41
"202","Pseudoalteromonas sp (26)",25,"Nitrogen",5.41e-15,5.41
"203","Pseudoalteromonas sp (26)",25,"Nitrogen",5.18e-15,5.18
"204","Pseudoalteromonas sp (26)",50,"Nitrogen",5.08e-15,5.08
"205","Pseudoalteromonas sp (26)",50,"Nitrogen",7.19e-15,7.19
"206","Pseudoalteromonas sp (26)",50,"Nitrogen",5.88e-15,5.88
"207","Pseudoalteromonas sp (26)",50,"Nitrogen",NA,NA
"208","Pseudoalteromonas sp (26)",50,"Nitrogen",5.01e-15,5.01
"209","Pseudoalteromonas sp (26)",50,"Nitrogen",9.56e-15,9.56
"210","Pseudoalteromonas sp (P2)",0.6,"Nitrogen",6.25e-15,6.25
"211","Pseudoalteromonas sp (P2)",0.6,"Nitrogen",3.7e-15,3.7
"212","Pseudoalteromonas sp (P2)",0.6,"Nitrogen",1.66e-15,1.66
"213","Pseudoalteromonas sp (P2)",10,"Nitrogen",7.8e-15,7.8
"214","Pseudoalteromonas sp (P2)",10,"Nitrogen",6e-15,6
"215","Pseudoalteromonas sp (P2)",10,"Nitrogen",6.36e-15,6.36
"216","Pseudoalteromonas sp (P2)",25,"Nitrogen",6.14e-15,6.14
"217","Pseudoalteromonas sp (P2)",25,"Nitrogen",7.01e-15,7.01
"218","Pseudoalteromonas sp (P2)",25,"Nitrogen",5.33e-15,5.33
"219","Dokdonia sp",0.6,"C:N ratio",NA,NA
"220","Dokdonia sp",0.6,"C:N ratio",NA,NA
"221","Dokdonia sp",0.6,"C:N ratio",4.853658537,4.853658537
"222","Dokdonia sp",0.6,"C:N ratio",4.268774704,4.268774704
"223","Dokdonia sp",0.6,"C:N ratio",4.65,4.65
"224","Dokdonia sp",0.6,"C:N ratio",5.5875,5.5875
"225","Dokdonia sp",2,"C:N ratio",4.376811594,4.376811594
"226","Dokdonia sp",2,"C:N ratio",4.101796407,4.101796407
"227","Dokdonia sp",2,"C:N ratio",4.653179191,4.653179191
"228","Dokdonia sp",2,"C:N ratio",4.497816594,4.497816594
"229","Dokdonia sp",2,"C:N ratio",4.212328767,4.212328767
"230","Dokdonia sp",2,"C:N ratio",4.347826087,4.347826087
"231","Dokdonia sp",2,"C:N ratio",4.237918216,4.237918216
"232","Dokdonia sp",2,"C:N ratio",3.697674419,3.697674419
"233","Dokdonia sp",2,"C:N ratio",5.47706422,5.47706422
"234","Dokdonia sp",2,"C:N ratio",4.64516129,4.64516129
"235","Dokdonia sp",10,"C:N ratio",4.646153846,4.646153846
"236","Dokdonia sp",10,"C:N ratio",4.771604938,4.771604938
"237","Dokdonia sp",10,"C:N ratio",4.263157895,4.263157895
"238","Dokdonia sp",10,"C:N ratio",4.380368098,4.380368098
"239","Dokdonia sp",10,"C:N ratio",3.117870722,3.117870722
"240","Dokdonia sp",10,"C:N ratio",4.115384615,4.115384615
"241","Dokdonia sp",10,"C:N ratio",4.608108108,4.608108108
"242","Dokdonia sp",10,"C:N ratio",4.687943262,4.687943262
"243","Dokdonia sp",10,"C:N ratio",4.115,4.115
"244","Dokdonia sp",10,"C:N ratio",4.773255814,4.773255814
"245","Dokdonia sp",10,"C:N ratio",4.431279621,4.431279621
"246","Dokdonia sp",10,"C:N ratio",4.272108844,4.272108844
"247","Dokdonia sp",10,"C:N ratio",4.292682927,4.292682927
"248","Dokdonia sp",10,"C:N ratio",4.32,4.32
"249","Dokdonia sp",10,"C:N ratio",4.375796178,4.375796178
"250","Dokdonia sp",25,"C:N ratio",4.666666667,4.666666667
"251","Dokdonia sp",25,"C:N ratio",4.546341463,4.546341463
"252","Dokdonia sp",25,"C:N ratio",4.666666667,4.666666667
"253","Dokdonia sp",25,"C:N ratio",4.267857143,4.267857143
"254","Dokdonia sp",25,"C:N ratio",5.352,5.35
"255","Dokdonia sp",25,"C:N ratio",4.281609195,4.281609195
"256","Dokdonia sp",25,"C:N ratio",4.064516129,4.064516129
"257","Dokdonia sp",25,"C:N ratio",4.273631841,4.273631841
"258","Dokdonia sp",25,"C:N ratio",4.530612245,4.530612245
"259","Dokdonia sp",50,"C:N ratio",4.555984556,4.555984556
"260","Dokdonia sp",50,"C:N ratio",4.64171123,4.64171123
"261","Dokdonia sp",50,"C:N ratio",4.515337423,4.515337423
"262","Dokdonia sp",50,"C:N ratio",4.653409091,4.653409091
"263","Dokdonia sp",50,"C:N ratio",4.342857143,4.342857143
"264","Dokdonia sp",50,"C:N ratio",4.423312883,4.423312883
"265","Dokdonia sp",50,"C:N ratio",4.272222222,4.272222222
"266","Dokdonia sp",50,"C:N ratio",4.267973856,4.267973856
"267","Dokdonia sp",50,"C:N ratio",4.688311688,4.688311688
"268","R.pomeroyi",0.6,"C:N ratio",4.096573209,4.096573209
"269","R.pomeroyi",0.6,"C:N ratio",4.447761194,4.447761194
"270","R.pomeroyi",0.6,"C:N ratio",4.051565378,4.051565378
"271","R.pomeroyi",0.6,"C:N ratio",3.274853801,3.274853801
"272","R.pomeroyi",0.6,"C:N ratio",3.99113082,3.99113082
"273","R.pomeroyi",0.6,"C:N ratio",4.04432133,4.04432133
"274","R.pomeroyi",0.6,"C:N ratio",3.948598131,3.948598131
"275","R.pomeroyi",2,"C:N ratio",4.296296296,4.296296296
"276","R.pomeroyi",2,"C:N ratio",4.054054054,4.054054054
"277","R.pomeroyi",2,"C:N ratio",4.212034384,4.212034384
"278","R.pomeroyi",2,"C:N ratio",4.251497006,4.251497006
"279","R.pomeroyi",10,"C:N ratio",4.145658263,4.145658263
"280","R.pomeroyi",10,"C:N ratio",4.128919861,4.128919861
"281","R.pomeroyi",10,"C:N ratio",4.020100503,4.020100503
"282","R.pomeroyi",10,"C:N ratio",4.141689373,4.141689373
"283","R.pomeroyi",10,"C:N ratio",4.0625,4.06
"284","R.pomeroyi",10,"C:N ratio",4.175152749,4.175152749
"285","R.pomeroyi",10,"C:N ratio",4.071856287,4.071856287
"286","R.pomeroyi",25,"C:N ratio",4.082840237,4.082840237
"287","R.pomeroyi",25,"C:N ratio",3.96011396,3.96011396
"288","R.pomeroyi",25,"C:N ratio",4.548286604,4.548286604
"289","R.pomeroyi",50,"C:N ratio",5.087108014,5.087108014
"290","R.pomeroyi",50,"C:N ratio",3.848039216,3.848039216
"291","R.pomeroyi",50,"C:N ratio",4.146341463,4.146341463
"292","R.pomeroyi",50,"C:N ratio",4.197183099,4.197183099
"293","R.pomeroyi",50,"C:N ratio",3.904282116,3.904282116
"294","R.pomeroyi",50,"C:N ratio",3.989071038,3.989071038
"295","Pseudoalteromonas sp (26)",0.6,"C:N ratio",4.438122333,4.438122333
"296","Pseudoalteromonas sp (26)",0.6,"C:N ratio",4.408602151,4.408602151
"297","Pseudoalteromonas sp (26)",0.6,"C:N ratio",2.982708934,2.982708934
"298","Pseudoalteromonas sp (26)",0.6,"C:N ratio",3.598774885,3.598774885
"299","Pseudoalteromonas sp (26)",0.6,"C:N ratio",4.118564743,4.118564743
"300","Pseudoalteromonas sp (26)",0.6,"C:N ratio",3.881355932,3.881355932
"301","Pseudoalteromonas sp (26)",2,"C:N ratio",5.560538117,5.560538117
"302","Pseudoalteromonas sp (26)",2,"C:N ratio",3.980582524,3.980582524
"303","Pseudoalteromonas sp (26)",2,"C:N ratio",4.100257069,4.100257069
"304","Pseudoalteromonas sp (26)",10,"C:N ratio",4.381139489,4.381139489
"305","Pseudoalteromonas sp (26)",10,"C:N ratio",4.183266932,4.183266932
"306","Pseudoalteromonas sp (26)",10,"C:N ratio",4.483516484,4.483516484
"307","Pseudoalteromonas sp (26)",10,"C:N ratio",4.488549618,4.488549618
"308","Pseudoalteromonas sp (26)",10,"C:N ratio",3.693931398,3.693931398
"309","Pseudoalteromonas sp (26)",10,"C:N ratio",4.104278075,4.104278075
"310","Pseudoalteromonas sp (26)",25,"C:N ratio",4.195933457,4.195933457
"311","Pseudoalteromonas sp (26)",25,"C:N ratio",4.121996303,4.121996303
"312","Pseudoalteromonas sp (26)",25,"C:N ratio",4.092664093,4.092664093
"313","Pseudoalteromonas sp (26)",50,"C:N ratio",4.015748031,4.015748031
"314","Pseudoalteromonas sp (26)",50,"C:N ratio",4.116828929,4.116828929
"315","Pseudoalteromonas sp (26)",50,"C:N ratio",3.843537415,3.843537415
"316","Pseudoalteromonas sp (26)",50,"C:N ratio",NA,NA
"317","Pseudoalteromonas sp (26)",50,"C:N ratio",4.111776447,4.111776447
"318","Pseudoalteromonas sp (26)",50,"C:N ratio",4.110878661,4.110878661
"319","Pseudoalteromonas sp (P2)",0.6,"C:N ratio",3.792,3.79
"320","Pseudoalteromonas sp (P2)",0.6,"C:N ratio",6.918918919,6.918918919
"321","Pseudoalteromonas sp (P2)",0.6,"C:N ratio",4.234939759,4.234939759
"322","Pseudoalteromonas sp (P2)",10,"C:N ratio",3.717948718,3.717948718
"323","Pseudoalteromonas sp (P2)",10,"C:N ratio",3.566666667,3.566666667
"324","Pseudoalteromonas sp (P2)",10,"C:N ratio",3.726415094,3.726415094
"325","Pseudoalteromonas sp (P2)",25,"C:N ratio",3.664495114,3.664495114
"326","Pseudoalteromonas sp (P2)",25,"C:N ratio",3.152639087,3.152639087
"327","Pseudoalteromonas sp (P2)",25,"C:N ratio",3.789868668,3.789868668
"328","Dokdonia sp",0.1,"Phosphorous",1.55e-16,0.155167177
"329","Dokdonia sp",0.1,"Phosphorous",1.57e-16,0.157084129
"330","Dokdonia sp",0.1,"Phosphorous",2.03e-16,0.20255097
"331","Dokdonia sp",0.1,"Phosphorous",2.99e-16,0.298879706
"332","Dokdonia sp",2,"Phosphorous",5.87e-16,0.586788803
"333","Dokdonia sp",2,"Phosphorous",NA,NA
"334","Dokdonia sp",2,"Phosphorous",7.21e-17,0.072052312
"335","Dokdonia sp",2,"Phosphorous",7.29e-17,0.072949093
"336","Dokdonia sp",2,"Phosphorous",1.83e-16,0.182516907
"337","Dokdonia sp",2,"Phosphorous",6.93e-17,0.069277007
"338","Dokdonia sp",10,"Phosphorous",1.1e-16,0.109944119
"339","Dokdonia sp",10,"Phosphorous",1.03e-16,0.102995478
"340","Dokdonia sp",10,"Phosphorous",1.18e-16,0.118298482
"341","Dokdonia sp",10,"Phosphorous",9.51e-17,0.095132837
"342","Dokdonia sp",10,"Phosphorous",1.09e-16,0.109140049
"343","Dokdonia sp",10,"Phosphorous",1.3e-16,0.130230408
"344","Dokdonia sp",10,"Phosphorous",1.48e-16,0.148122246
"345","Dokdonia sp",25,"Phosphorous",1.36e-16,0.136282325
"346","Dokdonia sp",25,"Phosphorous",1.66e-16,0.166039938
"347","Dokdonia sp",25,"Phosphorous",1.68e-16,0.168115193
"348","Dokdonia sp",25,"Phosphorous",1.34e-16,0.133992067
"349","Dokdonia sp",25,"Phosphorous",1.12e-16,0.111735787
"350","Dokdonia sp",25,"Phosphorous",1.69e-16,0.168512301
"351","Dokdonia sp",50,"Phosphorous",1.08e-16,0.107936035
"352","Dokdonia sp",50,"Phosphorous",9.85e-17,0.098546071
"353","Dokdonia sp",50,"Phosphorous",1.13e-16,0.112944121
"354","R.pomeroyi",0.1,"Phosphorous",1.97e-16,0.196999758
"355","R.pomeroyi",0.1,"Phosphorous",1.97e-16,0.196999758
"356","R.pomeroyi",0.1,"Phosphorous",2.45e-16,0.244903753
"357","R.pomeroyi",2,"Phosphorous",2.03e-16,0.203125202
"358","R.pomeroyi",2,"Phosphorous",6.29e-17,0.062887292
"359","R.pomeroyi",2,"Phosphorous",1.74e-16,0.174172594
"360","R.pomeroyi",2,"Phosphorous",1.37e-16,0.137165919
"361","R.pomeroyi",10,"Phosphorous",1.97e-16,0.19724009
"362","R.pomeroyi",10,"Phosphorous",2.15e-16,0.215140455
"363","R.pomeroyi",10,"Phosphorous",2.2e-16,0.219788444
"364","R.pomeroyi",50,"Phosphorous",2.66e-16,0.266486018
"365","R.pomeroyi",50,"Phosphorous",2.05e-16,0.205174612
"366","R.pomeroyi",50,"Phosphorous",2.58e-16,0.257619939
"367","Pseudoalteromonas sp (26)",0.1,"Phosphorous",5.07e-16,0.506828581
"368","Pseudoalteromonas sp (26)",0.1,"Phosphorous",4.82e-16,0.481831857
"369","Pseudoalteromonas sp (26)",0.1,"Phosphorous",6.83e-16,0.682907873
"370","Pseudoalteromonas sp (26)",0.1,"Phosphorous",NA,NA
"371","Pseudoalteromonas sp (26)",2,"Phosphorous",4.06e-16,0.405567091
"372","Pseudoalteromonas sp (26)",2,"Phosphorous",5.81e-16,0.581211962
"373","Pseudoalteromonas sp (26)",2,"Phosphorous",7.26e-16,0.725765715
"374","Pseudoalteromonas sp (26)",2,"Phosphorous",NA,NA
"375","Pseudoalteromonas sp (26)",10,"Phosphorous",3.45e-16,0.345106358
"376","Pseudoalteromonas sp (26)",10,"Phosphorous",2.12e-16,0.212012848
"377","Pseudoalteromonas sp (26)",10,"Phosphorous",5.62e-16,0.561866235
"378","Pseudoalteromonas sp (26)",10,"Phosphorous",NA,NA
"379","Pseudoalteromonas sp (26)",50,"Phosphorous",5.28e-16,0.52828172
"380","Pseudoalteromonas sp (26)",50,"Phosphorous",4.87e-16,0.48674016
"381","Pseudoalteromonas sp (P2)",0.1,"Phosphorous",4.6e-16,0.45987835
"382","Pseudoalteromonas sp (P2)",0.1,"Phosphorous",5.33e-16,0.533442478
"383","Pseudoalteromonas sp (P2)",0.1,"Phosphorous",5.91e-16,0.591098818
"384","Pseudoalteromonas sp (P2)",0.1,"Phosphorous",NA,NA
"385","Pseudoalteromonas sp (P2)",10,"Phosphorous",5.08e-16,0.508391374
"386","Pseudoalteromonas sp (P2)",10,"Phosphorous",4.79e-16,0.478658971
"387","Pseudoalteromonas sp (P2)",10,"Phosphorous",4.46e-16,0.446386944
"388","Pseudoalteromonas sp (P2)",25,"Phosphorous",NA,NA
"389","Pseudoalteromonas sp (P2)",25,"Phosphorous",5.47e-16,0.547137554
"390","Pseudoalteromonas sp (P2)",25,"Phosphorous",7.4e-16,0.739515911
"391","Pseudoalteromonas sp (P2)",25,"Phosphorous",4.65e-16,0.465152833
"392","Dokdonia sp",0.1,"Sulfur",9.41e-17,0.094069444
"393","Dokdonia sp",0.1,"Sulfur",1.09e-16,0.108507937
"394","Dokdonia sp",0.1,"Sulfur",2.11e-16,0.210507206
"395","Dokdonia sp",0.1,"Sulfur",2.28e-16,0.228046875
"396","Dokdonia sp",2,"Sulfur",4.44e-16,0.443876511
"397","Dokdonia sp",2,"Sulfur",NA,NA
"398","Dokdonia sp",2,"Sulfur",5.26e-17,0.052574245
"399","Dokdonia sp",2,"Sulfur",6.58e-17,0.065788078
"400","Dokdonia sp",2,"Sulfur",1.34e-16,0.134028689
"401","Dokdonia sp",2,"Sulfur",1.04e-16,0.104033024
"402","Dokdonia sp",10,"Sulfur",1.14e-16,0.113554643
"403","Dokdonia sp",10,"Sulfur",8.94e-17,0.089384677
"404","Dokdonia sp",10,"Sulfur",7.79e-17,0.077880482
"405","Dokdonia sp",10,"Sulfur",8.92e-17,0.089196429
"406","Dokdonia sp",10,"Sulfur",3.33e-17,0.033318798
"407","Dokdonia sp",10,"Sulfur",2.56e-16,0.256045627
"408","Dokdonia sp",10,"Sulfur",6.83e-17,0.068307692
"409","Dokdonia sp",25,"Sulfur",7.62e-17,0.076176881
"410","Dokdonia sp",25,"Sulfur",7.72e-17,0.077208882
"411","Dokdonia sp",25,"Sulfur",1.14e-16,0.114472917
"412","Dokdonia sp",25,"Sulfur",9.75e-17,0.0975
"413","Dokdonia sp",25,"Sulfur",1.28e-16,0.127767066
"414","Dokdonia sp",25,"Sulfur",2.36e-16,0.23615625
"415","Dokdonia sp",50,"Sulfur",6.21e-17,0.062098655
"416","Dokdonia sp",50,"Sulfur",6.61e-17,0.066056781
"417","Dokdonia sp",50,"Sulfur",6.54e-17,0.065416799
"418","R.pomeroyi",0.1,"Sulfur",NA,NA
"419","R.pomeroyi",0.1,"Sulfur",1.51e-16,0.150820144
"420","R.pomeroyi",0.1,"Sulfur",2.13e-16,0.212868798
"421","R.pomeroyi",2,"Sulfur",1.48e-16,0.148256731
"422","R.pomeroyi",2,"Sulfur",1.11e-16,0.111111895
"423","R.pomeroyi",2,"Sulfur",1.38e-16,0.137735445
"424","R.pomeroyi",2,"Sulfur",1.43e-16,0.142532299
"425","R.pomeroyi",10,"Sulfur",9.32e-17,0.093205692
"426","R.pomeroyi",10,"Sulfur",1.43e-16,0.142879515
"427","R.pomeroyi",10,"Sulfur",1.34e-16,0.134147727
"428","R.pomeroyi",50,"Sulfur",2.23e-16,0.22295097
"429","R.pomeroyi",50,"Sulfur",1.4e-16,0.139947712
"430","R.pomeroyi",50,"Sulfur",1.56e-16,0.15572
"431","Pseudoalteromonas sp (26)",0.1,"Sulfur",1.79e-16,0.178567797
"432","Pseudoalteromonas sp (26)",0.1,"Sulfur",3.37e-16,0.337441336
"433","Pseudoalteromonas sp (26)",0.1,"Sulfur",3.4e-16,0.340275591
"434","Pseudoalteromonas sp (26)",0.1,"Sulfur",NA,NA
"435","Pseudoalteromonas sp (26)",2,"Sulfur",2.95e-16,0.295153509
"436","Pseudoalteromonas sp (26)",2,"Sulfur",1.93e-16,0.19283906
"437","Pseudoalteromonas sp (26)",2,"Sulfur",3.91e-16,0.390995575
"438","Pseudoalteromonas sp (26)",2,"Sulfur",NA,NA
"439","Pseudoalteromonas sp (26)",10,"Sulfur",2.02e-16,0.20160473
"440","Pseudoalteromonas sp (26)",10,"Sulfur",1.7e-16,0.169547697
"441","Pseudoalteromonas sp (26)",10,"Sulfur",2.41e-16,0.241024476
"442","Pseudoalteromonas sp (26)",10,"Sulfur",NA,NA
"443","Pseudoalteromonas sp (26)",50,"Sulfur",2.2e-16,0.21972334
"444","Pseudoalteromonas sp (26)",50,"Sulfur",1.89e-16,0.189127921
"445","Pseudoalteromonas sp (P2)",0.1,"Sulfur",1.99e-16,0.198767365
"446","Pseudoalteromonas sp (P2)",0.1,"Sulfur",2.5e-16,0.250196493
"447","Pseudoalteromonas sp (P2)",0.1,"Sulfur",2.11e-16,0.210630738
"448","Pseudoalteromonas sp (P2)",0.1,"Sulfur",NA,NA
"449","Pseudoalteromonas sp (P2)",10,"Sulfur",1.89e-16,0.189109634
"450","Pseudoalteromonas sp (P2)",10,"Sulfur",2.27e-16,0.227208693
"451","Pseudoalteromonas sp (P2)",10,"Sulfur",1.5e-16,0.150016573
"452","Pseudoalteromonas sp (P2)",25,"Sulfur",NA,NA
"453","Pseudoalteromonas sp (P2)",25,"Sulfur",2.13e-16,0.212909411
"454","Pseudoalteromonas sp (P2)",25,"Sulfur",2.97e-16,0.296969226
"455","Pseudoalteromonas sp (P2)",25,"Sulfur",NA,NA
"456","Dokdonia sp",0.1,"S:P ratio",0.606245767,0.606245767
"457","Dokdonia sp",0.1,"S:P ratio",0.690763206,0.690763206
"458","Dokdonia sp",0.1,"S:P ratio",1.039280168,1.039280168
"459","Dokdonia sp",0.1,"S:P ratio",0.763005553,0.763005553
"460","Dokdonia sp",2,"S:P ratio",0.756450206,0.756450206
"461","Dokdonia sp",2,"S:P ratio",1.909284508,1.909284508
"462","Dokdonia sp",2,"S:P ratio",0.729667699,0.729667699
"463","Dokdonia sp",2,"S:P ratio",0.901835443,0.901835443
"464","Dokdonia sp",2,"S:P ratio",0.734335742,0.734335742
"465","Dokdonia sp",2,"S:P ratio",1.501696277,1.501696277
"466","Dokdonia sp",10,"S:P ratio",1.032839627,1.032839627
"467","Dokdonia sp",10,"S:P ratio",0.867850503,0.867850503
"468","Dokdonia sp",10,"S:P ratio",0.658338813,0.658338813
"469","Dokdonia sp",10,"S:P ratio",0.937598745,0.937598745
"470","Dokdonia sp",10,"S:P ratio",0.305284804,0.305284804
"471","Dokdonia sp",10,"S:P ratio",1.966097101,1.966097101
"472","Dokdonia sp",10,"S:P ratio",0.46115755,0.46115755
"473","Dokdonia sp",25,"S:P ratio",0.558963762,0.558963762
"474","Dokdonia sp",25,"S:P ratio",0.465001868,0.465001868
"475","Dokdonia sp",25,"S:P ratio",0.680919519,0.680919519
"476","Dokdonia sp",25,"S:P ratio",0.727655021,0.727655021
"477","Dokdonia sp",25,"S:P ratio",1.143474883,1.143474883
"478","Dokdonia sp",25,"S:P ratio",1.401418467,1.401418467
"479","Dokdonia sp",50,"S:P ratio",0.57532829,0.57532829
"480","Dokdonia sp",50,"S:P ratio",0.670313693,0.670313693
"481","Dokdonia sp",50,"S:P ratio",0.579196143,0.579196143
"482","R.pomeroyi",0.1,"S:P ratio",NA,NA
"483","R.pomeroyi",0.1,"S:P ratio",0.765585427,0.765585427
"484","R.pomeroyi",0.1,"S:P ratio",0.869193693,0.869193693
"485","R.pomeroyi",2,"S:P ratio",0.729878565,0.729878565
"486","R.pomeroyi",2,"S:P ratio",1.766841797,1.766841797
"487","R.pomeroyi",2,"S:P ratio",0.790798611,0.790798611
"488","R.pomeroyi",2,"S:P ratio",1.039123271,1.039123271
"489","R.pomeroyi",10,"S:P ratio",0.472549431,0.472549431
"490","R.pomeroyi",10,"S:P ratio",0.664122027,0.664122027
"491","R.pomeroyi",10,"S:P ratio",0.610349319,0.610349319
"492","R.pomeroyi",50,"S:P ratio",0.836632898,0.836632898
"493","R.pomeroyi",50,"S:P ratio",0.682090786,0.682090786
"494","R.pomeroyi",50,"S:P ratio",0.604456318,0.604456318
"495","Pseudoalteromonas sp (26)",0.1,"S:P ratio",0.352323849,0.352323849
"496","Pseudoalteromonas sp (26)",0.1,"S:P ratio",0.700330066,0.700330066
"497","Pseudoalteromonas sp (26)",0.1,"S:P ratio",0.498274517,0.498274517
"498","Pseudoalteromonas sp (26)",0.1,"S:P ratio",1.491799817,1.491799817
"499","Pseudoalteromonas sp (26)",2,"S:P ratio",0.727755074,0.727755074
"500","Pseudoalteromonas sp (26)",2,"S:P ratio",0.331787837,0.331787837
"501","Pseudoalteromonas sp (26)",2,"S:P ratio",0.538735252,0.538735252
"502","Pseudoalteromonas sp (26)",2,"S:P ratio",0.446392419,0.446392419
"503","Pseudoalteromonas sp (26)",10,"S:P ratio",0.584181442,0.584181442
"504","Pseudoalteromonas sp (26)",10,"S:P ratio",0.799704823,0.799704823
"505","Pseudoalteromonas sp (26)",10,"S:P ratio",0.428971276,0.428971276
"506","Pseudoalteromonas sp (26)",10,"S:P ratio",0.585520369,0.585520369
"507","Pseudoalteromonas sp (26)",50,"S:P ratio",0.415920771,0.415920771
"508","Pseudoalteromonas sp (26)",50,"S:P ratio",0.388560337,0.388560337
"509","Pseudoalteromonas sp (P2)",0.1,"S:P ratio",0.432217269,0.432217269
"510","Pseudoalteromonas sp (P2)",0.1,"S:P ratio",0.469022441,0.469022441
"511","Pseudoalteromonas sp (P2)",0.1,"S:P ratio",0.356337607,0.356337607
"512","Pseudoalteromonas sp (P2)",0.1,"S:P ratio",NA,NA
"513","Pseudoalteromonas sp (P2)",10,"S:P ratio",0.37197648,0.37197648
"514","Pseudoalteromonas sp (P2)",10,"S:P ratio",0.474677602,0.474677602
"515","Pseudoalteromonas sp (P2)",10,"S:P ratio",0.33606846,0.33606846
"516","Pseudoalteromonas sp (P2)",25,"S:P ratio",0.561052808,0.561052808
"517","Pseudoalteromonas sp (P2)",25,"S:P ratio",0.389133243,0.389133243
"518","Pseudoalteromonas sp (P2)",25,"S:P ratio",0.401572463,0.401572463
"519","Pseudoalteromonas sp (P2)",25,"S:P ratio",NA,NA
